label,sentence
_,Financing Clean Technology Innovation and the Transition to Renewable Energy
_,Abstract:
_,We outline the need to invest in clean technology innovation and the peculiar difficulties in financing research and development in this sector.
_,"The renewable energy portion of the cleantech industry could be characterized as asset-heavy, high-risk, low-return with a long development cycle, exacerbating financing difficulties."
_,"This chapter surveys financing options, differentiating between the financing requirements of technology development and asset deployment."
Evidence,"The interplay between the fossil fuel and the renewable energy sectors creates challenges and opportunities, and the role of subsidies for the consumption of fossil fuel and the production of renewable energy makes investment returns very sensitive to policy shifts."
Claim,We outline the potentially positive role of new financing instruments as well as corporate investment by oil majors.
