label,sentence
_,Integrated analysis of energy-economic development-environmental sustainability nexus: Case study of MENA countries
_,Abstract
_,"The new industrialization necessitates the integration of energy efficiency, economic development, and environmental sustainability."
_,"However, quantifying the efficiency of renewable energy towards economic development is an ongoing debate."
_,"On this basis, this study presents a multi net-put efficiency and conventional efficiency approach to analyze non-renewable energy and renewable energy efficiency towards economic development and environmental sustainability nexus."
_,Data Envelopment Analysis (DEA) is utilized to estimate multi net-put conventional and renewable energy efficiency.
_,"Likewise, the Autoregressive Distributed Lag (ARDL) Pooled Mean Group (PMG) approach is applied to examine the impact of non-renewable efficiency on economic growth, total natural resource rent and environmental quality."
Evidence,Results show that the efficiency nexus of conventional energy is significant and higher (98%) than renewable energy (69.5%) for the evaluated period (2006–2016).
_,"Nonetheless, conventional energy efficiency of the panel of MENA countries worsen the environmental quality, thus does not enhance environmental sustainability especially in the long-run."
Evidence,The results also posit that economic growth in the panel of MENA countries is detrimental to the region's environmental sustainability.
Evidence,Further analysis indicates that the inefficiency of renewable energy nexus has more to do with scale size inadequacy rather than operational deficiency.
Claim,"Therefore, resources and policies must be targeted towards up scaling renewable energy capacity accompanied with cautious and target oriented strategy."
