label,sentence
_,Analysis of the renewable energy implementation and prediction prospects in compliance with the EU policy: A case of Lithuania
_,The article analyses the renewable energy implementation and prediction prospects examining the case of Lithuania.
_,This paper presents the achieved results obtained by implementing the targets of National Energy Independence Strategy and requirements of the EU directives for EU Member States.
_,"It was disclosed that over the last 5 years, the share of renewable energy sources (RES) in gross inland fuel and energy consumption in Lithuania increased about 1.3 times."
_,Gross domestic product (GDP) grew annually on average 3.2%.
_,Country’s GDP increased about 1.3 times and gross inland and final fuel and energy consumption – about 10–12%.
Evidence,The largest share of RES in Lithuania came from solid biofuels – 80.6% in 2017.
Evidence,"For the last 5 years, wind energy production increased about 2.5 times and biogas energy consumption – about 2.8 times."
Evidence,Total emissions of greenhouse gasses decreased by 3% and air pollutants by 23%.
_,"Lithuania has set targets to increase RES share in the final energy consumption up to 30% by 2020, 45% by 2030 and 80% by 2050 years."
Claim,The analysis identified the most promising directions for sustainable energy development and their environmental impact.
_,"That is also suitable for use in other countries, in order to provide local energy resources."
