label,sentence
_,Primary energy sources for hydrogen production
_,"The cost of hydrogen from water electrolysis is estimated, assuming that the electricity was produced from solar, hydro-, fossil, or nuclear power."
_,"The costs for hydrogen end-use in the sectors of power generation, heat and transportation are calculated, based on a state-of-the-art technology and a more advanced technology expected to represent the state by the year 2010."
Evidence,The cost of hydrogen utilization (without energy taxes) is higher than the current price of fossil fuels (including taxes).
Claim,"Without restrictions imposed on fossil fuel consumption, hydrogen will not gain a significant market share in either of the cases discussed."
