label,sentence
_,"Rural household fuel energy transition: Evidence from Giwa LGA Kaduna State, Nigeria"
_,Rural household access to clean and affordable modern energy is critical to improving living standards in developing countries.
_,"Rural households in northern Nigeria in particular, are almost entirely dependent on fuelwood for their basic cooking needs."
_,"This has adverse effects on households' health, their productivity and environmental degradation."
_,This paper analyzes the effect of households' socio-economic characteristics on choice of cooking fuel.
_,"A multinomial logit (MNL) model was used to estimate the determinants of fuel choice in Giwa Local Government Area of Kaduna State, Nigeria."
Evidence,"Data analysis shows that the patterns of fuel usage are consistent with the ‘energy stacking’ theory as fuelwood are often used alongside modern fuels, and majority of the households depend largely on fuelwood as its principal cooking fuel."
_,Modern fuels thus have failed to displace traditional fuelwood.
Claim,"Empirical results of MNL model shows that household head's age, educational attainment, household size, income, type of dwelling unit, the duration of food cooked and price of fuelwood are statistically significant factors influencing households' choice of cooking fuel."
_,Implications for regional and national fuel policies are discussed.
