label,sentence
_,How similar are the smoking and drinking habits of men and women in non-manual jobs?
_,Abstract
_,Background: Men used to be more likely to smoke and drink heavily than women.
_,"However, as social roles changed, so have gender differences in health-related behaviours."
_,This paper explores whether gender differences in these behaviours persist or disappear among men and women occupying similar social roles: working in the same non-manual jobs in Britain.
_,"Methods: Self-completion questionnaires were distributed to full-time employees in a bank (n = 2,139) and a university (n = 1,611)."
_,Response rates were 76% and 67% respectively.
_,Respondents were asked whether they smoked currently.
_,"Men who reported drinking more than 21 units of alcohol, and women who reported drinking more than 14 units, in the last week were classed as 'heavy' drinkers."
Evidence,"Results: In both organizations there were no significant gender differences in smoking, but men were significantly more likely than women to report drinking 'heavily'."
Evidence,"Employees in clerical jobs in the university were more than twice as likely as their more senior colleagues to smoke, but were significantly less likely to report drinking 'heavily' in both organizations."
Evidence,High masculinity scores among both men and women were associated with smoking and 'heavy' drinking.
Claim,Conclusion: Men and women occupying similar social roles are equally likely to smoke but men are significantly more likely to drink 'heavily'.
_,The relationship between paid work variables and these health behaviours are similar for both men and women.
Claim,"The association between high masculinity scores and health-damaging behaviours in both men and women points to the importance of considering gender role orientation, rather than just comparing men and women."
