label,sentence
_,Gender (in)equality among employees in elder care: implications for health
_,Abstract
_,"Introduction: Gendered practices of working life create gender inequalities through horizontal and vertical gender segregation in work, which may lead to inequalities in health between women and men."
_,Gender equality could therefore be a key element of health equity in working life.
_,Our aim was to analyze what gender (in)equality means for the employees at a woman-dominated workplace and discuss possible implications for health experiences.
_,Methods: All caregiving staff at two workplaces in elder care within a municipality in the north of Sweden were invited to participate in the study.
_,"Forty-five employees participated, 38 women and 7 men."
_,Seven focus group discussions were performed and led by a moderator.
_,Qualitative content analysis was used to analyze the focus groups.
_,Results: We identified two themes.
_,"""Advocating gender equality in principle"" showed how gender (in)equality was seen as a structural issue not connected to the individual health experiences."
Evidence,"""Justifying inequality with individualism"" showed how the caregivers focused on personalities and interests as a justification of gender inequalities in work division."
Evidence,The justification of gender inequality resulted in a gendered work division which may be related to health inequalities between women and men.
_,Gender inequalities in work division were primarily understood in terms of personality and interests and not in terms of gender.
Claim,Conclusion: The health experience of the participants was affected by gender (in)equality in terms of a gendered work division.
Claim,"However, the participants did not see the gendered work division as a gender equality issue."
_,Gender perspectives are needed to improve the health of the employees at the workplaces through shifting from individual to structural solutions.
_,A healthy-setting approach considering gender relations is needed to achieve gender equality and fairness in health status between women and men.
