label,sentence
_,Relationship of gender differences in preferences to economic development and gender equality
_,Abstract
_,"Preferences concerning time, risk, and social interactions systematically shape human behavior and contribute to differential economic and social outcomes between women and men."
_,We present a global investigation of gender differences in six fundamental preferences.
_,"Our data consist of measures of willingness to take risks, patience, altruism, positive and negative reciprocity, and trust for 80,000 individuals in 76 representative country samples."
Evidence,Gender differences in preferences were positively related to economic development and gender equality.
Claim,This finding suggests that greater availability of and gender-equal access to material and social resources favor the manifestation of gender-differentiated preferences across countries.
