label,sentence
_,Gender Equality in the Family and Childbearing
_,Abstract
_,"Gender equality and equity in the division of household labor may be associated with couples’ transitions to first, second, and third births."
_,Our comprehensive analysis includes the division of housework and child care as well as the perception of whether this division is fair and satisfactory.
_,We use a unique data set combining the Norwegian Generations and Gender Survey (2007) with information on childbirths within 3 years after the interview from the population register.
Evidence,We found that an unequal division of housework is associated with a decreased chance of first and subsequent births.
Evidence,"Child care is most relevant when the respondent is satisfied with the division, as one-child couples where the respondent is less satisfied with the division of child care are less likely to have a second child."
Claim,"Our findings suggest that, even in a high-equity context such as Norway, equality and equity in the household are also important for childbearing."
