label,sentence
_,Discrimination of Women at RMG Sector in Bangladesh
_,"Women are discriminated in professional, personal and community levels by their male counterpart across the globe in general."
_,"More specifically, women are not treated equally at workplace in many societies due to the dominance of patriarchal social system and traditional norms."
_,"Women equity and empowerment are spoken widely, but these are not practiced in reality."
_,"The primary aim of this study is to explore the women's current position and status at the workplace in Ready Made Garments (RMG) sector in Bangladesh in terms of wages, promotions, safety and security."
_,"Secondly, this paper highlights the challenges that women face at RMG."
_,This paper adopts qualitative approach to study this crucial issues.
_,This study also congregates and analyses the most pertinent data both from the existing literature and primary sources.
_,In-depth Interviews (IDIs) and Focus Group Discussions (FGDs) have been conducted among the female RMG workers appointed in different industrial zones in Bangladesh.
Evidence,"This study has some remarkable findings such as, a) women employee do not get proper respect at workplace from their male colleagues."
Evidence,b) Women are often harassed verbally by their male coworkers.
Evidence,"c) Owners, managers and supervisors have the bad intention to fulfill their sexual desire with female workers."
Evidence,d) Male supervisors often force their female subordinates to do overtime till the late night.
Evidence,"e) Though female workers are doing the same job, but they do not get proper justice in terms of getting desired job posting, salary on time and promotions based on their skills and competencies."
Claim,"Finally, this study focuses on resolving the issues of gender discrimination at the workplace and contributes towards the equity and empowerment of women in RMG sector in Bangladesh."
