label,sentence
_,Trends in Gender Equality and Women's Advancement
_,Abstract
_,"This paper examines trends in indicators of gender equality and women's development, using evidence derived from individual indicators and gender equality indices."
_,We extend both the United Nations Development Program's Gender Development Index and Gender Inequality Index to examine time trends.
Evidence,"In recent decades, the world has moved closer to gender equality and narrowed gaps in education, health, and economic and political opportunity; however, substantial differences remain, especially in South Asia, the Middle East, and sub-Saharan Africa."
Claim,"The results suggest countries can make meaningful improvements in gender equality, even while significant income differences between countries remain."
