label,sentence
_,Women in academic surgery: why is the playing field still not level?
_,Abstract
_,Background: The purpose of this study was to explore career satisfaction and advancement for women in academic surgery.
_,"Methods: A 48-item web-based survey was emailed to women surgeons in academic centers across Canada, exploring career advancement, family planning, mentorship, discrimination, and career satisfaction."
Evidence,"Results: The survey response rate was 38% (81 of 212); 18% of participants felt they experienced gender discrimination in medical school, 36% in residency, 12% in fellowship, and 41% as staff surgeons."
Evidence,More than half felt that their gender had played a role in the career challenges they faced.
_,Responses to open-ended questions suggested that many surgeons struggled to balance their academic careers with family life.
_,"Despite this, participants rated their career satisfaction very highly."
Claim,"Conclusions: There remain ongoing challenges for women in academic surgery including lack of gender equality, appropriate mentorship, and accommodations for surgeons with families."
_,Continued advancement of women in academic surgery is dependent on addressing these concerns.
