label,sentence
_,Affective Institutional Work and Ordoliberal Governance: Gender Equality in Parliamentary Debates on the Competitiveness Pact in Finland
_,Abstract
_,The 2008 economic crisis and its aftermath have created opportunities for institutional actors to formulate and implement neoliberal reforms and policies.
_,"In this article, we analyse a recent ordoliberal policy measure of the Finnish government—namely, the Competitiveness Pact—and related legislative measures."
_,"Ordoliberalism, a variant of neoliberalism, entails a strong state which aims to protect the economy from interfering influences."
_,The government’s main objective was to increase the competitiveness of the Finnish economy by lowering labour costs.
_,"However, the competitiveness measures caused a conflict between the government and labour market parties."
Evidence,"As the measures mainly targeted the feminized public sector, they had clear gendered impacts that became central to the struggle between the government and trade unions."
_,We utilize critical discourse analysis as a methodology to study affective institutional work and ordoliberal governance in parliamentary discussions on these measures.
Claim,Our results show that gender equality was marginalized and considered a threatening issue for the ordoliberal regime.
Evidence,"The Pact was also the government’s attempt to make institutional changes to the norms and relations of the corporatist system, as the government assumed the leading role by setting demands for the labour market parties to fulfil."
