label,sentence
_,Bridging the enduring gender gap in political interest in Europe: The relevance of promoting gender equality
_,Abstract
_,"Notwithstanding the improvement in gender equality in political power and resources in European democracies, this study shows that, on average, declared interest in politics is 16 per cent lower for women than for men in Europe."
_,"This gap remains even after controlling for differences in men's and women's educational attainment, material and cognitive resources."
_,"Drawing on the newly developed European Institute for Gender Equality's (EIGE) Gender Equality Index (GEI) and on the European Social Survey (ESS) fifth wave, we show that promoting gender equality contributes towards narrowing the magnitude of the differences in political interest between men and women."
Claim,"However, this effect appears to be conditioned by the age of citizens."
Evidence,"More specifically, findings show that in Europe gender-friendly policies contribute to bridging the gender gap in political engagement only during adulthood, suggesting that childhood socialisation is more strongly affected by traditional family values than by policies promoting gender equality."
_,"In contrast, feminising social citizenship does make a difference by reducing the situational disadvantages traditionally faced by women within the family and in society for middle-aged people and older."
