label,sentence
_,Digital Workplace Implementation To Promote Gender Equality
_,Abstract—The  focus  of  this  research  is  to  provide  an explanation  of  how the  digital  workplace  can help  to  promote gender equality in the organization.
_,We conduct interviews with 4  managers  and  8  selected  woman  on  different  organization regarding   expected   condition   at   the   workplace.
Evidence,"In   the Organization  perspective,  Interviews  revealed  Regulation  and Financial   problem   is   the   most   important   things   before implementing   digital   workplace   while   for   the   employees adequate training is needed."
Claim,"This paper provides an explanation of why it is important, challenge and barrier and strategy that organization  could  adopt  to  implement  digital  workplace  to promote  gender  equality."
_,Future  research  would  also  be proposed.
