label,sentence
_,The Leadership Authenticity of Women in the Academic Setting
_,Abstract
_,PURPOSE Leadership characteristics and career development of women in a health sciences university in Saudi Arabia was investigated.
_,This was also extended to leadership authenticity of women graduated from a master’s in medical education (MME) program.
_,"METHODS In this cross-sectional study, A self-administrated authentic leadership questionnaire (ALQ) was utilized where the data were collected at three campuses of a health sciences university."
_,RESULTS The study sample consisted of 71 MME graduates and 75 academic leaders.
_,"Women represented 42.25% of the MME graduates, with an average age of 41.04 (±5.49) years."
_,"Among MME graduates, there were 17 (56.67%) women holding the positions of deans, associate deans, or assistant deans compared with 14 men (34.16%) with a p value of 0.59."
_,There were fourteen (46.67%) women holding Doctor of Philosophy compared with 19 men (46.34%) either holding a clinical fellowship of a master’s degree.
Evidence,There were no significant differences between the scores of women and men in the four ALQ domains.
_,Among academic leaders.
_,twenty (26.67%) women were academic leaders with an average age of 47.31 (±9.63) years; compared with 55 men (p = 0.53).
_,Twelve (60.00%) women leaders were from professions other than medicine with a p value of 0.07.
_,Seventeen (85.00%) women were appointed at a middle management position; compared with 43 (78.18%) men with a p value of 0.16.
Evidence,"Women showed tendency for higher scores in all ALQ domains; however, it did not reach statistical significance."
Claim,DISCUSSION Women received opportunities to be enrolled in the MME program and the authenticity of their academic leadership skills did not significantly differ from men.
Claim,"Women accounted for a quarter of academic leaders, with more appointments in middle management positions and a tendency toward a better authenticity of leadership skills."
