label,sentence
_,"A review of minority stress as a risk factor for cognitive decline in lesbian, gay, bisexual, and transgender (LGBT) elders"
_,Abstract
_,"Lesbian, gay, bisexual, and transgender (LGBT) older adults comprise a unique and growing subset of the aging population."
_,The historical context in which they came of age was imbued with victimization and discrimination.
_,These experiences are subjectively stressful and collectively known as minority stress.
_,Older LGBT adults continue to face stressors related to their gender and sexual identities in their daily lives.
Claim,"Importantly, chronic minority stress (CMS), like other forms of chronic stress, is harmful to health and well-being."
Evidence,"CMS contributes to LGBT health disparities, including cardiovascular disease and depression, conditions that in turn increase risk for premature cognitive decline."
Evidence,"Furthermore, long-term exposure to stress hormones is associated with accelerated brain aging."
_,"Yet, the cognitive functioning of LGBT elders and the influence of CMS on their cognition are all but unexplored."
_,"In this review, we examine the influences of CMS in LGBT elders and connect those influences to existing research on stress and cognitive aging."
_,We propose a testable model describing how CMS in LGBT elders heightens risk for premature cognitive aging and how ameliorating factors may help protect from CMS risk.
_,Research is desperately needed to calibrate this model toward improving LGBT quality of life and mental health practices.
