label,sentence
_,A gender lens on the future of work
_,Abstract
_,Predicting the gender effects of the next phase of technological change is complex.
Claim,"Potential mass job displacement, as predicted by some of the most quoted analysts, could be expected to put gender equality gains at risk, with women again encouraged to focus more on unpaid work, as happened after the two world wars when mass unemployment was threatened."
Evidence,Predictions of job loss by gender are based on extrapolating from the current pattern of gender segregation.
_,"This may be a reasonable method to predict job loss, provided attention is paid to the fact that not all women’s jobs are routinized and automatable and that women’s low wages may reduce incentives to displace female labor."
