label,sentence
_,“Some Women Are Born Fighters”: Discursive Constructions of a Fighter’s Identity by Female Finnish Judo Athletes
_,Abstract
_,"Martial arts and combat sports have been traditionally associated with masculinity, and a range of contradictory meanings have been attached to women’s engagement and experiences."
_,The present study draws on cultural praxis and feminist poststructuralist frameworks to explore how female martial artists are subjectified to dominant cultural discourses surrounding fighting and competition.
_,Interviews with nine female judoka (judo athletes) were gathered in Finland and analyzed using Foucauldian Discourse Analysis (FDA).
_,"The FDA revealed that in female judoka talk, judo was constructed as a sport for all, but also as a male domain and a manly sport with fighting and competition as innate masculine qualities that are not learned."
_,"Two sets of wider, competing discourses provided the dominant structure for participants’ constructions of judo: (a) a mass sport discourse versus an elite sport discourse and (b) a gender equality discourse versus a female biological inferiority discourse."
_,"Drawing on this discursive context and in seeking to make sense of their experiences, participants constructed a “naturally born fighter” identity."
Evidence,"Although this might be an empowering identity for female judoka, it does not advance the agenda of gender equity in martial arts because it constructs “ordinary” women as biologically incapable of competitive judo."
Claim,"Our findings reveal that even in the relatively egalitarian culture of Finland, gender hierarchies persist in judo and that it is only by disrupting prevalent constructions of fighting and competitiveness as masculine that progress toward gender equity can be made."
