label,sentence
_,"Perceptions of gender equality in work-life balance, salary, promotion, and harassment: Results of the NASPGHAN task force survey"
_,Abstract
_,Objectives: Gender equality in the workplace has not been described in pediatric gastroenterology.
_,"Methods: An electronic survey that explored perceptions of career parity, work-life balance, and workplace harassment was sent to all members of the North American Society for Pediatric Gastroenterology, Hepatology, and Nutrition."
_,Reponses were anonymous.
_,"Results: Of the 303 respondents (21%), there was an even distribution across geographic region, age, and gender (54% men)."
_,"Gender affected perception of salary and promotion; 46% of men but only 9% of women feel that ""women earn the same as men"" (P<0.001)."
_,"Similarly, 48% of men but only 12% of women feel that ""women rise at the same rate as men"" (P<0.001)."
_,"Both genders of academic practice respondents, compared with other practice models, perceived men were promoted more quickly than women (P=0.008)."
_,"Women had higher dissatisfaction with mentoring than men (29% vs 13%, P=0.03)."
_,"Significantly more men than women reported spouses with ""flexible jobs"" (35% vs 14%, P<0.001)."
_,"Having a spouse with ""flexible job"" or having children (preschool or school age), however, did not affect satisfaction with work-life balance for either gender."
Evidence,"Overall, women are more likely to be dissatisfied with work-life balance than men (P=0.046)."
Claim,"Conclusions: Satisfaction with work-life balance is lower among women versus men pediatric gastroenterologists, but does not correlate with flexibility of spouse's job or caring for young children."
_,"Gender-divergent perception of promotion, parity of compensation, and mentoring requires further investigation."
