label,sentence
_,The effect of macrosocial policies on violence against women: a multilevel study in 28 European countries
_,Abstract
_,Objectives
_,To describe and analyze whether a relationship exists between gender equality and political responses to gender violence (GV) against women with physical and/or sexual intimate partner violence (IPV) in the European Union (EU).
_,Methods
_,"We analyzed a subsample of 39,269 ever-partnered women aged 18 and older from the violence against women survey (2012) of the EU Agency for Fundamental Rights."
_,Outcome was last 12 months physical and/or sexual IPV.
_,Multilevel Poisson regression models were used.
_,Results
_,Current prevalence of IPV was 4.2%.
Evidence,Having suffered abuse by an adult before age 15 was the strongest associated factor for increasing the probability of suffering (PR: 2.9).
Evidence,"Living in countries with higher gender equality, with anti-GV legislation prior to 2005, in countries where the state involved multiple actors in GV response and in countries with family policies included in the Anglo-Saxon, Eastern European and Southern European typologies (reference: Nordic), diminishes the women likelihood of suffering IPV."
_,Conclusions
Claim,The response to IPV in the EU requires an integral approach that accounts for the efforts of multiple sectors as well as policies that reach greater levels of gender equality in the countries.
