label,sentence
_,"Women's job search competence: A question of motivation, behavior, or gender"
_,Abstract
_,We examined motivation and behaviors in women's active job search in Spain and the gender gap in this process.
_,"The current crisis in Spain and the increase in the number of unemployed people have revealed new inequalities that particularly affect women's employability, especially the most vulnerable women."
_,This paper addresses two exploratory studies: the first study analyzes gender differences in the active job search using a sample of 236 Spanish participants; the second study explores the heterogeneity and diversity of unemployed women in a sample of 235 Spanish women.
_,"To analyze the active job search, the respondents were invited to write open-ended responses to questions about their job search behaviors and complete some questionnaires about their motivation for their active job search."
Evidence,"The content analysis and quantitative results showed no significant differences in motivational attributes, but there were significant gender differences in the job search behavior (e.g., geographical mobility)."
Evidence,"Moreover, the results showed heterogeneity in unemployed women by educational level and family responsibilities."
_,"The asynchronies observed in a neoliberal context reveal the reproduction of social roles, social-labor vulnerability, and a gender gap."
Claim,"Thus, women's behavior is an interface between employment and family work, but not their motivations or aspirations."
_,"Our results can have positive implications for labor gender equality by identifying indicators of effectiveness in training programs for women's job search, and it can contribute to designing intervention empowerment policies for women."
