label,sentence
_,Conjugal violence: a comparison of violence against men by women and women by men.
_,Abstract
_,"Because few studies demonstrated the types of violence performed by women, the aim of our study was to access violence men against women as well as women against men."
_,A retrospective study was performed based on all the medical certificates for victims who consulted our centre specialized in assault victims.
_,"Eleven percent of the victims were men (81 men, 626 women)."
Evidence,Episodes of violence were most often repeated against women than men (p < 0.05).
Evidence,"Injuring, in most cases mild, were more frequently found in men than women (p < 0.01)."
Evidence,"They were primarily cutaneous in 66% of cases (85% men, 64% women) and severe in 5% of cases i.e."
_,"fractures, with no difference in gender."
_,Three cases of sexual assault and one case of chemical submission was observed in women.
Evidence,Insults were made more often by men than by women (p < 0.002).
Evidence,A psychological impact was more frequently found in women than in men (p < 0.01).
_,"The duration of the total incapacity (incapacité totale de travail = ITT) was less than 0-3 days in most cases, and this occurred more often in 91% men than in 65% women (p < 0.01)."
_,Consultations for domestic violence occur less frequently in men than in women.
_,Men present more often with injuries that are less severe compared to those observed in women.
_,"In contrast, the psychological impact is less frequent in men."
Claim,Also episodes of violence were most often repeated when the aggressor was a man.
