label,sentence
_,Key points for abolishing Female Genital Mutilation from the perspective of the men involved.
_,ABSTRACT
_,INTRODUCTION
_,female Genital Mutilation is internationally considered an affront on human rights and an act of violence against women and young girls.
_,"Furthermore, it hierarchises and perpetuates inequality and denies the right to bodily and psychosocial integrity of women and young girls."
_,AIMS
_,to detect the key points for the abolition of Female Genital Mutilation as well as the necessary resources for its eradication.
_,MATERIAL AND METHOD
_,"a qualitative methodology with an ethnonursing perspective, via semi-structured interviews, held both individually and in groups, in 21 men familiar with Female Genital Mutilation."
_,FINDINGS
Evidence,"through the voices of men familiar with this tradition, five key points are presented for its gradual eradication: sensitisation and awareness building, team action, abolition-promoting media, focusing action on rural areas and applying educational means before punitive ones."
_,CONCLUSION AND PRACTICAL IMPLICATIONS
Claim,"awareness-raising via the combined efforts of families, communities and governments, together with the promotion of health education programmes in demonstrating the complications derived from this practice, play a vital part in eradicating Female Genital Mutilation"
