label,sentence
_,"Female genital mutilation and cutting: a systematic literature review of health professionals knowledge, attitudes and clinical practice"
_,ABSTRACT
_,BackgroundThe World Health Organisation (WHO) estimates that 100140 million girls and women have undergone female genital mutilation or cutting (FGM/C).
_,"FGM/C is an ancient cultural practice prevalent in 26 countries in Africa, the Middle East and Asia."
_,"With increased immigration, health professionals in high income countries including UK, Europe, North America and Australia care for women and girls with FGM/C."
_,"FGM/C is relevant to paediatric practice as it is usually performed in children, however, health professionals knowledge, clinical practice, and attitudes to FGM/C have not been systematically described."
_,"We aimed to conduct a systematic review of the literature to address this gap.MethodsThe review was conducted according to guidelines of the Preferred Reporting Items for Systematic Reviews and Meta-Analyses (PRISMA) statement and registered with the PROSPERO International Prospective Register of Systematic Reviews (CRD42015015540, http://www.crd.york.ac.uk/PROSPERO/)."
_,"Articles published in English 20002014 which used quantitative methods were reviewed.ResultsOf 159 unique articles, 18 met inclusion criteria."
_,The methodological quality was poor - six studies met seven of the eight quality criteria.
_,"Study participants included mainly obstetricians, gynaecologists and midwives (15 studies)."
_,"We found no papers that studied paediatricians specifically, but two papers reported on subgroups of paediatricians within a mixed sample of health professionals."
_,The 18 articles covered 13 different countries: eight from Africa and 10 from high income countries.
Evidence,"Most health professionals were aware of the practice of FGM/C, but few correctly identified the four FGM/C categories defined by WHO."
_,"Knowledge about FGM/C legislation varied: 25 % of professionals in a Sudanese study, 46 % of Belgian labour ward staff and 94 % of health professionals from the UK knew that FGM/C was illegal in their country."
_,Health professionals from high income countries had cared for women or girls with FGM/C.
Claim,"The need to report children with FGM/C, or at risk of FGM/C, to child protection authorities was mentioned by only two studies.ConclusionFurther research is needed to determine health professionals attitudes, knowledge and practice to support the development of educational materials and policy to raise awareness and to prevent this harmful practice."
