label,sentence
_,﻿Time for action: Intimate partner violence troubles one third of Ethiopian women
_,Background: Intimate partner violence is a major challenges faced by women especially in developing world.
_,Its consequences range from personal health problems up to countrywide loss of productivity and poverty.
_,There is limited empirical evidence documenting intimate partner violence and underlying reasons in Ethiopia.
_,"Therefore, the aim of this study was to assess the magnitude of intimate partner violence and associated factors in Ethiopia."
_,Methods: We analyzed the 2016 Ethiopian demographic and health survey data.
_,"About 2,750 women aged 15-49 years were included in the survey."
_,"Intimate partner violence was measured in three dimensions: physical, emotional and sexual violence."
_,Multiple logistic regression was conducted to identify independent predictors.
_,Variables with p-value less than 0.05 were considered as significantly associated with dimensions of violence.
_,All analysis were adjusted for clusters and sample weights.
Evidence,Results: Overall 32.5% of Ethiopian women experienced at least one type of intimate partner violence.
Evidence,"Physical and emotional violence were each experienced by 22.5% of the women, while 9.6% of the study participants encountered sexual violence."
_,The age difference between a woman and her intimate partner has a positive effect on emotional and sexual violence while the opposite is true for physical violence.
Evidence,"Moreover, physical violence was significantly associated with place of residence, and husband education."
_,Both emotional and sexual violence were predicted by wealth of the household and husband's employment status.
_,"In addition to these, lower educational status of the partner affects emotional violence positively."
Claim,Conclusion: Substantial proportion of women in Ethiopia continue to suffer from intimate partner violence.
_,Physical and emotional violence were much more common than sexual violence.
_,"In the light of determinants, we have reported in here, we recommend empowering women in all realm of life by improving their socio-economic status with focus to their educational and economic status."
