label,sentence
_,Using the Female Sexual Function Index (FSFI) to evaluate sexual function in women with genital mutilation undergoing surgical reconstruction: a pilot prospective study.
_,ABSTRACT
_,OBJECTIVES
_,"Few prospective studies have evaluated sexual function in women with female genital mutilation by cutting (FGM/C) before and after clitoral reconstructive surgery, and none used a validated questionnaire."
_,"A validated questionnaire, the Female Sexual Function Index (FSFI) was used for the first time, to assess the impact of reconstructive surgery on sexual function in women with female genital mutilation/cutting (FGM/C) before and after clitoral reconstructive surgery."
_,STUDY DESIGN
_,Women with FGM/C consulting at the Nantes University Hospital for clitoral reconstruction between 2013 and 2014 were prospectively included.
_,"All patients completed a questionnaire at inclusion, describing their social, demographic, and FGM/C characteristics."
_,"They were also asked to complete the FSFI as well as a questionnaire about clitoral sensations, symptoms of depression or anxiety, and self-esteem before and 3 and 6 months after the surgery."
_,Paired Wilcoxon and McNemar tests were used to compare data.
_,RESULTS
_,"Of the 12 women included, 9 (75%) had type II mutilations."
_,Results showed a global sexual dysfunction (median FSFI summary score=17) before surgery.
_,Clitoral sensations were absent in 8 women (67%).
Evidence,"Six months after surgery, all FSFI dimensions except lubrication had improved significantly (median FSFI summary score=29, P=0.009)."
_,"Ten women had clitoral sensations, and 11 (92%) were satisfied with their surgery."
_,CONCLUSION
Claim,"This study shows that 6 months after clitoral reconstructive surgery, women reported a multidimensional positive improvement in their sexual function."
_,The FSFI is a promising tool for routine standardized assessment of the sexual function of women with FGM/C for determining appropriate management and assessing it.
_,"Larger studies with validated questionnaires assessing self-esteem, depression, and body image are also needed to develop an integrative approach and to provide evidence-based recommendations about management of these women."
