label,sentence
_,﻿Interventions to Prevent Child Marriage Among Young People in Low- and Middle-Income Countries: A Systematic Review of the Published and Gray Literature.
_,"Child marriage, defined as marriage before the age of 18 years, is a human rights violation that can have lasting adverse educational and economic impacts."
_,The objective of this review was to identify high-quality interventions and evaluations to decease child marriage in low- and middle-income countries.
_,"PubMed, Embase, PsycInfo, CINAHL Plus, Popline, and the Cochrane Databases were searched without language limitations for articles published through November 2015."
_,Gray literature was searched by hand.
_,"Reference tracing was used, as well as the unpacking of systematic reviews."
_,Retained articles were those that were evaluated as having high-quality interventions and evaluations using standardized scoring.
_,Eleven high-quality interventions and evaluations were abstracted.
Evidence,"Six found positive results in decreasing the proportion married or increasing age at marriage, one had both positive and negative findings, and four had no statistical impact on the proportion married or age at marriage."
_,"There is wide range of high-quality, impactful interventions included in this review which can inform researchers, donors, and policy makers about where to make strategic investments to eradicate marriage, a current target of the Sustainable Development Goals."
Claim,"Despite the cultural factors that promote child marriage, the diversity of interventions can allow decision makers to tailor interventions to the cultural context of the target population."
