label,sentence
_,﻿Management of female genital mutilation: the Northwick Park Hospital experience.
_,OBJECTIVE
_,To outline the problems associated with female genital mutilation and to highlight the need for deinfibulation before delivery.
_,DESIGN
_,A review of women attending a newly established African Well Woman Clinic.
_,"Age at infibulation, gravidity of clinic attenders and adequacy of introitus for management of labour were assessed."
_,SETTING
_,"Northwick Park Hospital, Harrow, Middlesex."
_,SUBJECTS
_,"Fifty women attending a newly established African Well Woman Clinic, of whom 13 were nulliparous, 14 were primigravid and 23 were multigravid."
_,RESULTS
_,The average age at which infibulation had occurred was 6.7 years.
_,"At the time of clinic attendance the mean age of pregnant and nonpregnant patients was 26 and 23.3 years, respectively."
_,"Of the 14 primigravid patients, only 50% had an adequate introitus to allow management of the first and second stages of labour."
Evidence,Five had deinfibulation performed antenatally or at delivery.
Evidence,Ninety-three percent of the primigravid patients and 74% of the multigravid patients had a vaginal delivery.
_,CONCLUSIONS
_,We believe that the Northwick Park Hospital management policy for infibulated women closely mirrors the cultural practices in Somalia.
Claim,The policy also improves obstetric management of infibulated patients.
_,"Twenty-six percent of referrals were of nonpregnant women, and this practice is to be encouraged."
