label,sentence
_,﻿Female genital mutilation in the context of migration: experience of African women with the Swiss health care system.
_,BACKGROUND
_,"In contrast to other European countries, the Swiss health care system does not deal with the specific needs of women with female genital mutilation (FGM) in a consistent manner, though migrants from countries where FGM is commonly practised are living in Switzerland."
_,METHODS
_,"For this study, the interaction of women who had undergone FGM, with the Swiss health services was analysed both from the perspective of the women concerned and that of health care professionals (doctors and midwives)."
_,"The methods used were mainly qualitative, including focus group discussions with 29 women from Somalia and Eritrea and telephone interviews with 37 health care professionals."
_,RESULTS
_,It is estimated that some 6000 girls and women with FGM could be living in Switzerland.
_,The fact that health care providers rarely see such patients and the absence of professional guidelines give rise to misunderstandings.
Evidence,"Counselling of the women is often inadequate, and there is a striking lack of communication about FGM between health care providers and users, as well as within the women's communities."
_,"As a surprising finding, reinfibulation is carried out in Switzerland when requested by the patient."
_,CONCLUSIONS
Claim,This study shows that at present the specific gynaecological and obstetric health care needs of migrant women who have undergone FGM are not adequately addressed in the Swiss health system.
_,The situation could be easily improved by taking into consideration the fairly simple measures suggested by the women and the health care providers taking part in this study.
_,KEY POINTS
_,"Due to international migration, female genital mutilation (FGM) has become an issue of increasing concern in host countries such as Switzerland."
_,"Objectives of this study were to analyze how immigrant women with FGM experience gynaecological/obstetrical care in the Swiss health care system, and to investigate if gynaecologists/obstetricians and midwives treat and counsel FGM related complications adequately."
_,Specific health care needs of women with FGM should--and easily could--be better considered by the Swiss health care system.
_,Recommended measures include capacity building and professional guidelines on FGM for health care providers; and access to culturally appropriate information and self-help groups for the communities concerned.
