label,sentence
_,A qualitative study exploring how Somali women exposed to female genital mutilation experience and perceive antenatal and intrapartum care in England
_,ABSTRACT
_,Objectives To explore how Somali women exposed to female genital mutilation experience and perceive antenatal and intrapartum care in England.
_,"We explored women's perceptions of deinfibulation, caesarean section and vaginal delivery; their experiences of care during pregnancy and labour; and factors that affect ability to access these services, in order to make recommendations about future practice."
_,"Design A descriptive, exploratory qualitative study using face-to-face semistructured interviews."
_,"Interviews were audio-recorded, transcribed and data were analysed using a thematic approach."
_,An interpreter was used when required (n=3).
_,"Setting Participants recruited from 2 community centres in Birmingham, England."
_,"Participants Convenience and snowball sample of 10 Somali women resident in Birmingham, who had accessed antenatal care services in England within the past 5?years."
_,"Results 3 core themes were interpreted: (1) Experiences of female genital mutilation during life, pregnancy and labour: Female genital mutilation had a significant physical and psychological impact, influencing decisions to undergo deinfibulation or caesarean section."
_,Women delayed deinfibulation until labour to avoid undergoing multiple operations if an episiotomy was anticipated.
Evidence,"(2) Experience of care from midwives: Awareness of female genital mutilation from midwives led to open communication and stronger relationships with women, resulting in more positive experiences."
_,"(3) Adaptation to English life: Good language skills and social support networks enabled women to access these services, while unfavourable social factors (eg, inability to drive) impeded."
_,Conclusions Female genital mutilation impacts Somali women's experiences of antenatal and intrapartum care.
Claim,This study suggests that midwives should routinely ask Somali women about female genital mutilation to encourage open communication and facilitate more positive experiences.
_,"As antenatal deinfibulation is unpopular, we should consider developing strategies to promote deinfibulation to non-pregnant women, to align with current guidelines."
_,Women with unfavourable social factors may require additional support to improve access to English antenatal care services.
