label,sentence
_,﻿Effect of female genital mutilation/cutting; types I and II on sexual function: case-controlled study
_,Background: The existing literature is contradictory regarding effects of female genital mutilation/cutting (FGM/C) on sexual functions.
_,The aim of this study was to explore the impact of type I and II FGM/C on sexual function of Egyptian women.
_,Methods: We recruited 197 cut women and 197 control women from those visiting Assiut University hospitals for different reasons.
_,We asked each woman to fill the Arabic female sexual function index (FSFI) (a self reported 19-item questionnaire assessing the main domains of female sexual function).
_,Genital Examination was done to confirm the type of FGM.
_,Results: Female sexual dysfunction (FSD) was found in 83.8% of FGM/C cases in contrast to 64.5% of the control.
_,The total FSFI score in the FGM/C group (19.82 ± 7.1) was significantly lower than in the control group (23.34 ± 8.1).
_,"Concerning the types of FGM/C, type 73.6% of cases had type I and 26.4% had type II."
_,Type I FGM/C was performed mainly by physicians (62.1%) while type II was performed mainly by midwives (44.4%).
_,FSD was found in 83.4% of FGM/C I cases and in 84.6% of FGM/C II cases.
Evidence,There was no statistically significant difference between the two types of FGM/C as regards total and individual domain scores except for the pain domain.
Evidence,There were significantly lower total and individual domain scores in both FGM/C types except for the desire domain compared to control.
Claim,"Conclusion: In this study, FGM/C was associated with reduced scores of FSFI on all domains scores, and among both types I and II, both were associated with sexual dysfunction."
