label,sentence
_,"﻿Self-reported and observed female genital cutting in rural Tanzania: associated demographic factors, HIV and sexually transmitted infections."
_,OBJECTIVES
_,"To determine (i) the prevalence and type of female genital cutting (FGC) in a rural multi-ethnic village in Tanzania, (ii) its associated demographic factors, (iii) its possible associations with HIV, sexually transmitted infections (STIs) and infertility and (iv) to assess the consistency between self-reported and clinically observed FGC."
_,METHOD
_,"The study was part of a larger community-based, cross-sectional survey with an eligible female population of 1993."
_,All were human immunodeficiency virus (HIV)-tested and asked whether they were circumcised (n = 1678; 84.2%).
_,"Participants aged 15-44 years were interviewed (n = 636; 79.7%), and 399 (50.0%) were gynaecologically examined to screen for STIs and determine the FGC status."
_,RESULTS
_,"At a mean age of 9.6 years, 45.2% reported being circumcised."
_,"In the age-group 15-44 years, 65.5% reported being cut, while FGC was observed in 72.5% and categorized as clitoridectomy or excision."
_,"The strongest predictors of FGC were ethnicity and religion, i.e."
_,being a Protestant or a Muslim.
_,"FGC was not associated with HIV infection, other STIs or infertility."
_,"A positive, non-significant association between FGC and bacterial vaginosis was found with a crude odds ratio of 4.6."
_,There was a significant decline of FGC over the last generation.
Evidence,An inconsistency between self-reported and clinically determined FGC status was observed in more than one-fifth of the women.
_,CONCLUSION
Claim,The data indicate that both women and clinicians might incorrectly report women's circumcision status.
_,This reveals methodological problems in determining women's circumcision status in populations practising the most common type of FGC.
_,The positive association between FGC and bacterial vaginosis warrants further investigation.
