label,sentence
_,Sexual Anatomy and Function in Women With and Without Genital Mutilation: A Cross-Sectional Study.
_,ABSTRACT
_,INTRODUCTION
_,"Female genital mutilation (FGM), the partial or total removal of the external genitalia for non-medical reasons, can affect female sexuality."
_,"However, only few studies are available, and these have significant methodologic limitations."
_,AIM
_,"To understand the impact of FGM on the anatomy of the clitoris and bulbs using magnetic resonance imaging and on sexuality using psychometric instruments and to study whether differences in anatomy after FGM correlate with differences in sexual function, desire, and body image."
_,METHODS
_,A cross-sectional study on sexual function and sexual anatomy was performed in women with and without FGM.
_,Fifteen women with FGM involving cutting of the clitoris and 15 uncut women as a control group matched by age and parity were prospectively recruited.
_,"Participants underwent pelvic magnetic resonance imaging with vaginal opacification by ultrasound gel and completed validated questionnaires on desire (Sexual Desire Inventory), body image (Questionnaire d'Image Corporelle [Body Image Satisfaction Scale]), and sexual function (Female Sexual Function Index)."
_,MAIN OUTCOME MEASURES
_,Primary outcomes were clitoral and bulbar measurements on magnetic resonance images.
_,"Secondary outcomes were sexual function, desire, and body image scores."
_,RESULTS
Evidence,Women with FGM did not have significantly decreased clitoral glans width and body length but did have significantly smaller volume of the clitoris plus bulbs.
_,They scored significantly lower on sexual function and desire than women without FGM.
_,"They did not score lower on Female Sexual Function Index sub-scores for orgasm, desire, and satisfaction and on the Questionnaire d'Image Corporelle but did report significantly more dyspareunia."
_,A larger total volume of clitoris and bulbs did not correlate with higher Female Sexual Function Index and Sexual Desire Inventory scores in women with FGM compared with uncut women who had larger total volume that correlated with higher scores.
_,CONCLUSION
Claim,"Women with FGM have sexual erectile tissues for sexual arousal, orgasm, and pleasure."
_,Women with sexual dysfunction should be appropriately counseled and treated.
