label,sentence
_,﻿Clitoral neuroma after female genital mutilation/cutting: a rare but possible event
_,Abstract
_,"Introduction: Female genital mutilation/cutting (FGM/C), in particular, type III, also called infibulation, can cause various long-term complications."
_,"However, posttraumatic neuroma of the clitoris is extremely rare; only one case was previously reported in the literature."
_,Aim: The aim of this study was to describe the case of a patient presenting a clitoral neuroma post-FGM/C in detail and her successful multidisciplinary treatment.
_,Methods: We report the case of a 24-year-old woman originating from Somalia presenting a type III a-b FGM/C who attended our outpatient clinic at the Geneva University Hospitals complaining of primary dysmenorrhea and a post-mutilation painful clitoral mass.
_,The mass was clinically diagnosed as a cyst and surgically removed.
_,Histopathological analysis revealed that it was a posttraumatic neuroma and a foreign body granuloma around the ancient surgical thread.
Evidence,"Our patient was also offered a multidisciplinary counseling by a specialized gynecologist on FGM/C, a sexologist, and a reproductive and sexual health counselor."
Evidence,"Results: One month after surgical treatment, the vulvar pain was over."
_,"Conclusions: This is the second case of clitoral neuroma after FGM/C reported and the first with complete clinical, as well as histopathological documentation and multidisciplinary care."
_,"Considering the high frequency of clitoral cysts in case of infibulation, clitoral neuroma should be considered in the differential diagnosis."
Claim,"In this case, if symptomatic, the treatment should be surgery, clinical follow-up, and counseling."
_,"If necessary, appropriate sexual therapy should be offered too"
