label,sentence
_,"﻿Girl-Child Marriage in the Nigerian Society, Causes, Impacts and Mitigating Strategies"
_,"Today’s society is plagued with a number of challenging issues, one of such issues is early child marriage."
_,Child marriage represents a fundamental breach of human rights.
_,"However, a number of societies accept and practice this."
_,"This study is therefore informed by this practice seeks to analyse the cause, impact on the Nigerian society as well as determine if available solutions are acceptable employing opinion survey through a structured questionnaire that was rated on a 4 point likert scale and guided by three research questions and four null hypotheses."
_,"The findings from the study indicate that continuous practice of early girl-child marriage is caused by a number of factors which include poverty, ignorance from parents, traditional practice, peer pressure, family alliances to mention a few."
Evidence,"While social insecurity, strain on the health sector, high level of illiteracy, increased mortality rates as well as high level of divorce rates have been established as some of the impacts of early girl child marriages on the society."
_,"The study established that some of the mitigation strategies include empowering the girl child, adopting policies that correct gender equality as well as generating awareness campaigns on impacts of early girl-child marriage."
Claim,Education empowers and improves the lifestyle and decision making of participants and was therefore recommended by the research to be afforded to both genders
