label,sentence
_,Title: Older Adults' Perspectives on Using Digital Technology to Maintain Good Mental Health: Interactive Group Study
_,Abstract
_,Background: A growing number of apps to support good mental health and well-being are available on digital platforms.
_,"However, very few studies have examined older adults' attitudes toward the use of these apps, despite increasing uptake of digital technologies by this demographic."
_,Objective: This study sought to explore older adults' perspectives on technology to support good mental health.
_,"Methods: A total of 15 older adults aged 50 years or older, in two groups, participated in sessions to explore the use of digital technologies to support mental health."
_,Interactive activities were designed to capture participants' immediate reactions to apps and websites designed to support mental health and to explore their experiences of using technology for these purposes in their own lives.
_,Template analysis was used to analyze transcripts of the group discussions.
Evidence,"Results: Older adults were motivated to turn to technology to improve mood through mechanisms of distraction, normalization, and facilitated expression of mental states, while aiming to reduce burden on others."
Evidence,"Perceived barriers to use included fear of consequences and the impact of low mood on readiness to engage with technology, as well as a lack of prior knowledge applicable to digital technologies."
_,"Participants were aware of websites available to support mental health, but awareness alone did not motivate use."
Claim,"Conclusions: Older adults are motivated to use digital technologies to improve their mental health, but barriers remain that developers need to address for this population to access them."
_,Keywords: Internet; apps; digital technology; mental health; older adults; technology.
