label,sentence
_,Health care services utilization in children with obstructive sleep apnea syndrome.
_,Objective: Little is known about the effects of obstructive sleep apnea syndrome (OSAS) on utilization of health care services in children.
_,The present study compares medical service utilization by children with OSAS with that of healthy children.
_,"Methods: A cross-sectional study of 287 consecutively recruited children (1-18 years) with OSAS and no concomitant diseases and a control group matched by age, gender, and geographic location was conducted at the Clalit Health Care Services clinic in the southern region of Israel."
_,Children in the study group underwent nocturnal polysomnography (PSG) studies.
_,The control group (N = 1149) was randomly selected from the Clalit Health Care Services database.
_,PSG was performed for the OSAS patients.
_,Indices of health care utilization 1 year before the PSG study were analyzed.
Evidence,Results: A 226% increase in health care utilization was noted among children with OSAS.
_,Children up to 5 years of age consumed more health care resources than children over 5 years.
_,Children with OSAS consumed more health care services than the control group at all ages.
_,"The leading components of this high cost are utilization of more hospital days, drugs, and visits to the emergency department."
_,The severity of the OSAS correlates directly to total annual costs and independently to age (beta = 0.19).
Claim,Conclusions: Children with OSAS are heavy consumers of health care services 1 year before any specific evaluation and treatment for apnea.
_,Early diagnosis and intervention may be cost-effective.
