label,sentence
_,Title: Women's Health and Well-Being in the United Nations Sustainable Development Goals: A Narrative Review of Achievements and Gaps in the Gulf States
_,Abstract
_,"Background: In 2014, United Nations member states proposed a set of sustainable development goals (SDGs) to help further the millennium development goals that they had proposed in New York in 2000."
_,"Of these 13 SDGs, Goal 3 (i.e., SDG 3) was titled ""Good Health and Well-Being."""
_,This goal highlighted women's health and well-being via two key objectives.
_,"The first, SDG 3.1, aimed to reduce maternal mortality rates (MMR) and the second, SDG 3.7, aimed to ensure access to sexual and reproductive health care services."
_,"Drawing on all the latest reports, which have been released by Gulf Cooperation Council states (GCC), this paper sheds light on GCC states' work on women's wellbeing through SDG 3."
_,"Aim: the paper aims to review GCC states' work on women's wellbeing in SDG3, which achievements they obtained, which tools they used and which gaps still exist."
_,"The paper aims to explain the socio-cultural background behind these achievements, tools, and gaps."
_,"Methodology: For the purpose of this study, we used narrative review approach through which we reviewed reports from 2017 and 2018 on SDGs published online by the Ministry of Development and Planning of each GCC state, and latest reports of the WHO on the same states."
_,"Findings: the study found similarities and differences between different GCC states, which in turn reveals gaps and areas that are not meeting women's needs."
Evidence,The findings show that MMR in GCC countries has declined by nearly half.
_,"The main strategies they adopted to address SDG 3.1 included awareness campaigns, improving access to healthcare systems and training professionals."
_,The tools used to meet SDG 3.7 included training health professionals and raising awareness of consanguinity.
_,"The study reveals several gaps, such as a lack of discussion around challenges and barriers, and a lack of linkage between an SDG and the targets contained within it."
Claim,"Conclusion: The paper concludes that there is a much greater emphasis on reducing MMR, compared to providing access to sexual and reproductive healthcare."
_,This difference is due to different socio-cultural framing of each of these two issues.
