label,sentence
_,"Title: Measuring subjective well-being for policy purposes: The example of well-being indicators in the WHO ""Health 2020"" framework"
_,Abstract
_,"Aims: This article discusses the rationale for measuring national well-being, and examines the use of subjectively oriented well-being measures in the context of public policy."
_,"Recent years have witnessed growing attention towards the concept and measurement of well-being, both within academic disciplines, intergovernmental organizations such as the World Health Organization (WHO) as well as in many governments across Europe, including the Nordic countries."
_,"Economic indicators have commonly been regarded as proxies of societal progress of nations, but indicators of well-being have increasingly been applied in order to complement or replace these measures."
_,"Methods: Well-being indicators of the WHO ""Health 2020"" framework are critically examined with particular attention given to the subjective aspects of well-being."
_,Literature discussing the rationale for subjective indicators is reviewed.
_,"As a background, central theoretical and measurement perspectives on well-being are outlined, including hedonic, eudaimonic and objective list approaches."
_,"Results: The WHO refers to well-being in definitions of health and mental health, but has primarily reported on disease."
_,"The ""Health 2020"" framework marked a shift in this concern."
_,"One of the main targets of ""Health 2020"" concerns well-being, involving six core indicators."
Evidence,Only one indicator refers to well-being as subjective experience.
_,Literature supports more extensive use of subjective indicators in combination with objective measures.
Claim,"Conclusions: Although consensus on definitions and instruments is lacking, subjective and objective measures of national well-being may jointly contribute to a more comprehensive understanding of societal progress, as well as a broader conception of health."
_,"Further research is required, particularly with regard to eudaimonic indicators."
_,Keywords: Health 2020; Well-being; World Health Organization; eudaimonic well-being; mental health; public policy; subjective indicators; subjective well-being.
